ONTOLOGY	ID	Description	setSize	enrichmentScore	NES	pvalue	p.adjust	qvalues	rank	leading_edge	core_enrichment
CC	GO:0098798	mitochondrial protein-containing complex	232	0.5088175032242825	2.686672415100911	1e-16	7.205e-13	5.942105263157895e-13	5005	tags=72%, list=37%, signal=46%	Malsu1/Mrpl15/Timm10/Ndufa9/Ndufb6/Mrpl16/Ndufv2/Agk/Ndufc2/Mrps14/Ndufb5/Ndufa10/Chchd6/Mrps36/Mrps27/Timm23/Ndufs3/Ndufb10/Micu3/Uqcrc2/Mrpl42/Mrpl41/Uqcrb/Mrps23/Polg2/Mrpl11/Sdhd/Mtx2/Vdac1/Atp5g3/Mrpl54/Ndufa11/Atp5a1/Mrps2/Dnajc11/Mrpl2/Mrpl49/Ndufs4/Ndufb3/Mrpl44/Cox5a/Ndufs8/Mrpl17/Atp5l/Mrpl18/Chchd3/Mrpl10/Mrpl57/Micu1/Pdha1/Atp5o/Ndufa1/Ndufs2/Mrps18b/Mcu/Mrpl23/Ndufa4/Uqcrfs1/Ndufv1/Mrps30/Atp5b/Mrps18a/Ndufa12/Pdhb/Mtx1/Atp5j/Tomm40/Mrpl36/Mrpl38/Mrpl9/Ndufs6/Mrps22/Tomm22/Mrpl46/Uqcrc1/Ndufs1/Timm13/Mrps28/Mrps18c/Afg3l2/Uqcc3/Mrpl1/Pmpcb/Mrps7/Bckdk/Micu2/Immt/Mrps31/Timm17a/Suclg1/Dlat/Mrps10/Pdk1/Timm10b/Sdha/Cyc1/Mrpl55/Ndufs7/Mrpl20/Mrpl43/Mrpl53/Mrpl34/Tomm70a/Mrps5/Pam16/Pdk2/Mrpl51/Ndufa7/Mrpl27/Tomm6/Mrpl37/Cox6a2/Tomm5/Ndufa4l2/Dap3/Dnajc19/Atp5g1/Mrpl3/Mrpl39/Mrpl40/Sdhb/Mrpl21/Sdhc/Atp5h/Mrpl52/Uqcrh/Nsun3/Ndufv3/Mterf4/Ndufa13/Mrps9/Ndufb7/Ndufb8/Mrps26/Mrpl28/Ndufa6/Tomm7/Atp5c1/Grpel1/Mrpl30/Ndufb2/Foxred1/Atp5j2/Romo1/Mrpl14/Mrps34/Samm50/Mrpl13/Uqcr10/Suclg2/Mrps15/Cox4i1/Hsd17b10/Atp5e/Bckdhb/Ndufa3/Mtx3/Etfb/Ndufa8/Mrpl50/Uqcrq/Supv3l1/Atp5d/Atp5g2/Ndufab1/Mrpl48/Mrpl19
CC	GO:0098800	inner mitochondrial membrane protein complex	104	0.5371842724583764	2.5248575311169548	2.400242715980576e-11	3.332753343852026e-8	2.748587256809188e-8	4955	tags=75%, list=37%, signal=48%	Ndufa9/Ndufb6/Ndufv2/Agk/Ndufc2/Ndufb5/Ndufa10/Chchd6/Timm23/Ndufs3/Ndufb10/Micu3/Uqcrc2/Uqcrb/Sdhd/Atp5g3/Ndufa11/Atp5a1/Dnajc11/Ndufs4/Ndufb3/Cox5a/Ndufs8/Atp5l/Chchd3/Micu1/Atp5o/Ndufa1/Ndufs2/Mcu/Ndufa4/Uqcrfs1/Ndufv1/Atp5b/Ndufa12/Atp5j/Ndufs6/Uqcrc1/Ndufs1/Afg3l2/Uqcc3/Micu2/Immt/Timm17a/Timm10b/Sdha/Cyc1/Ndufs7/Pam16/Ndufa7/Cox6a2/Ndufa4l2/Dnajc19/Atp5g1/Sdhb/Sdhc/Atp5h/Uqcrh/Ndufv3/Ndufa13/Ndufb7/Ndufb8/Ndufa6/Atp5c1/Grpel1/Ndufb2/Foxred1/Atp5j2/Romo1/Uqcr10/Cox4i1/Atp5e/Ndufa3/Ndufa8/Uqcrq/Atp5d/Atp5g2/Ndufab1
CC	GO:0000313	organellar ribosome	88	0.5607388126555932	2.5703084906777676	3.237928300758388e-11	3.332753343852026e-8	2.748587256809188e-8	4453	tags=69%, list=33%, signal=47%	Malsu1/Mrpl15/Mrpl16/Mrps14/Mrps36/Mrps27/Mrpl42/Mrpl41/Mrps23/Mrpl11/Mrpl54/Mrps2/Mrpl2/Mrpl49/Mrpl44/Mtg1/Mrpl17/Mrpl18/Mrpl10/Mrpl57/Mrps18b/Mrpl23/Mrps30/Mrps18a/Mrpl36/Mrpl38/Mrpl9/Mrps22/Mrpl46/Mrps28/Mrps18c/Mrpl1/Mrps7/Mrps31/Mrps10/Mrpl55/Mrpl20/Mrpl43/Mrpl53/Mrpl34/Mrps5/Mrpl51/Ndufa7/Mrpl27/Mrpl37/Dap3/Mrpl3/Mrpl39/Mrpl40/Mrpl21/Mrpl52/Nsun3/Mterf4/Mrps9/Mrps26/Mrpl28/Chchd1/Mrpl30/Mrpl14/Mrps34/Mrpl13
CC	GO:0005761	mitochondrial ribosome	88	0.5607388126555932	2.5703084906777676	3.237928300758388e-11	3.332753343852026e-8	2.748587256809188e-8	4453	tags=69%, list=33%, signal=47%	Malsu1/Mrpl15/Mrpl16/Mrps14/Mrps36/Mrps27/Mrpl42/Mrpl41/Mrps23/Mrpl11/Mrpl54/Mrps2/Mrpl2/Mrpl49/Mrpl44/Mtg1/Mrpl17/Mrpl18/Mrpl10/Mrpl57/Mrps18b/Mrpl23/Mrps30/Mrps18a/Mrpl36/Mrpl38/Mrpl9/Mrps22/Mrpl46/Mrps28/Mrps18c/Mrpl1/Mrps7/Mrps31/Mrps10/Mrpl55/Mrpl20/Mrpl43/Mrpl53/Mrpl34/Mrps5/Mrpl51/Ndufa7/Mrpl27/Mrpl37/Dap3/Mrpl3/Mrpl39/Mrpl40/Mrpl21/Mrpl52/Nsun3/Mterf4/Mrps9/Mrps26/Mrpl28/Chchd1/Mrpl30/Mrpl14/Mrps34/Mrpl13
BP	GO:0033108	mitochondrial respiratory chain complex assembly	77	0.5538095457530702	2.4997407023144333	1.2665451753221555e-9	4.802872625366384e-7	3.961023553846852e-7	5265	tags=77%, list=39%, signal=47%	Coa4/Sdhaf1/Ndufa9/Ndufb6/Ndufc2/Ndufb5/Ndufa10/Ndufb10/Sco1/Taco1/Bcs1l/Cox16/Ndufa11/Tmem126a/Smim20/Ndufaf3/Ndufs4/Ndufb3/Ndufs8/Sdhaf4/Ndufa1/Uqcrfs1/Ndufs6/Pet100/Lyrm7/Ndufs1/Uqcc1/Uqcc3/Ndufs7/Ndufaf2/Oxa1l/Cox17/Sdhaf2/1190007I07Rik/Ndufaf6/Ndufa13/Ndufb7/Taz/Ndufb8/Ndufa6/Ndufb2/Foxred1/Ndufaf1/Cox20/Samm50/Cox14/Uqcc2/Sdhaf3/Ndufaf7/Ndufa3/Aifm1/Ndufa8/Chchd4/Cox18/Ndufab1/Tmem126b/Ttc19/Surf1/Ndufc1
CC	GO:0005746	mitochondrial respirasome	60	0.5843714337511683	2.499101295123895	5.374420517940981e-9	1.7027898999337695e-6	1.404324333997024e-6	4955	tags=85%, list=37%, signal=54%	Ndufa9/Ndufb6/Ndufv2/Ndufc2/Ndufb5/Ndufa10/Ndufs3/Ndufb10/Uqcrc2/Uqcrb/Sdhd/Ndufa11/Cox7b/Ndufs4/Ndufb3/Cox5a/Ndufs8/Ndufa1/Ndufs2/Ndufa4/Uqcrfs1/Ndufv1/Ndufa12/Ndufs6/Uqcrc1/Ndufs1/Uqcc3/Sdha/Cyc1/Ndufs7/Ndufa7/Cox6a2/Ndufa4l2/Cox7a2/Sdhb/Sdhc/Uqcrh/Ndufv3/Ndufa13/Ndufb7/Ndufb8/Ndufa6/Ndufb2/Foxred1/Cox7a2l/Uqcr10/Cox4i1/Ndufa3/Ndufa8/Uqcrq/Ndufab1
CC	GO:0098803	respiratory chain complex	60	0.583683704329039	2.4961601768722628	6.001129566505831e-9	1.7027898999337695e-6	1.404324333997024e-6	4248	tags=73%, list=32%, signal=50%	Ndufa9/Ndufb6/Ndufv2/Ndufc2/Ndufb5/Ndufa10/Ndufs3/Ndufb10/Uqcrc2/Uqcrb/Sdhd/Ndufa11/Cox7b/Ndufs4/Ndufb3/Cox5a/Ndufs8/Ndufa1/Ndufs2/Ndufa4/Uqcrfs1/Ndufv1/Ndufa12/Ndufs6/Uqcrc1/Ndufs1/Uqcc3/Sdha/Cyc1/Ndufs7/Ndufa7/Cox6a2/Ndufa4l2/Sdhb/Sdhc/Cox6b1/Uqcrh/Ndufv3/Ndufa13/Ndufb7/Ndufb8/Ndufa6/Ndufb2/Foxred1
CC	GO:0070469	respirasome	65	0.5783169767409471	2.5033499410408058	6.062053536872783e-9	1.7027898999337695e-6	1.404324333997024e-6	4955	tags=83%, list=37%, signal=53%	Ndufa9/Ndufb6/Ndufv2/Ndufc2/Ndufb5/Ndufa10/Ndufs3/Ndufb10/Uqcrc2/Uqcrb/Sdhd/Ndufa11/Cox7b/Ndufs4/Ndufb3/Cox5a/Ndufs8/Ndufa1/Ndufs2/Ndufa4/Uqcrfs1/Ndufv1/Ndufa12/Ndufs6/Uqcrc1/Ndufs1/Uqcc3/Higd1a/Sdha/Cyc1/Ndufs7/Ndufa7/Cox6a2/Ndufa4l2/Cox7a2/Sdhb/Sdhc/Cox6b1/Uqcrh/Ndufv3/Ndufa13/Ndufb7/Ndufb8/Ndufa6/Ndufb2/Foxred1/Cox7a2l/Uqcr11/Uqcr10/Cox4i1/Ndufa3/Ndufa8/Uqcrq/Ndufab1
BP	GO:0043534	blood vessel endothelial cell migration	102	-0.5378978283573375	-2.1228931321655984	5.485308779939981e-8	9.88041243986689e-6	8.148570542831893e-6	2016	tags=37%, list=15%, signal=32%	Nf1/Pdgfb/Nfe2l2/Nos3/Gpld1/Sp1/Stard13/Pdpk1/Cdh5/Sirt1/Kdr/Emp2/Notch1/Prkd1/Amotl1/Nr4a1/Tgfb1/Rgcc/Amot/Srf/Gadd45a/Egr3/Myh9/Hspb1/Adam17/Mecp2/Hdac5/Map2k3/Rhoj/Epha2/Prkd2/Spred1/Ptgs2/Nr2e1/Adam8/Nrp1/Pik3c2a/Klf4
CC	GO:0000315	organellar large ribosomal subunit	57	0.5605005443990435	2.3710213504506505	1.9459293007009448e-7	2.9830682152234694e-5	2.4601950509421802e-5	4453	tags=72%, list=33%, signal=48%	Malsu1/Mrpl15/Mrpl16/Mrpl42/Mrpl41/Mrpl11/Mrpl54/Mrpl2/Mrpl49/Mrpl44/Mrpl17/Mrpl18/Mrpl10/Mrpl57/Mrpl23/Mrps30/Mrps18a/Mrpl36/Mrpl38/Mrpl9/Mrpl46/Mrpl1/Mrpl55/Mrpl20/Mrpl43/Mrpl53/Mrpl34/Mrpl51/Mrpl27/Mrpl37/Mrpl3/Mrpl39/Mrpl40/Mrpl21/Mrpl52/Nsun3/Mterf4/Mrpl28/Mrpl30/Mrpl14/Mrpl13
CC	GO:0005762	mitochondrial large ribosomal subunit	57	0.5605005443990435	2.3710213504506505	1.9459293007009448e-7	2.9830682152234694e-5	2.4601950509421802e-5	4453	tags=72%, list=33%, signal=48%	Malsu1/Mrpl15/Mrpl16/Mrpl42/Mrpl41/Mrpl11/Mrpl54/Mrpl2/Mrpl49/Mrpl44/Mrpl17/Mrpl18/Mrpl10/Mrpl57/Mrpl23/Mrps30/Mrps18a/Mrpl36/Mrpl38/Mrpl9/Mrpl46/Mrpl1/Mrpl55/Mrpl20/Mrpl43/Mrpl53/Mrpl34/Mrpl51/Mrpl27/Mrpl37/Mrpl3/Mrpl39/Mrpl40/Mrpl21/Mrpl52/Nsun3/Mterf4/Mrpl28/Mrpl30/Mrpl14/Mrpl13
BP	GO:0032543	mitochondrial translation	73	0.5178012088893104	2.3030796048214777	3.109556934448124e-7	4.393011316215438e-5	3.6230028678967306e-5	4581	tags=64%, list=34%, signal=43%	Malsu1/Wars2/Tsfm/Gatb/Mrpl16/Gars/Mrps14/Mtif3/Mrps27/Dars2/Mtrf1/Taco1/C1qbp/Mrps2/Mrpl2/Mrpl44/Mtg1/Mrpl57/Mrps18b/Ngrn/Mrpl23/Mrps18a/Hars/Rars2/Uqcc1/Ptcd1/Noa1/Rpusd4/Gatc/Mrpl43/Lars2/Rpusd3/Lrpprc/Tufm/Mrpl51/Ndufa7/Iars2/Mrpl52/Nsun3/Trub2/Gfm2/Chchd1/Mrps34/Shmt2/Uqcc2/Aars2/Mrps15
BP	GO:0043535	regulation of blood vessel endothelial cell migration	81	-0.5424963065491939	-2.0560599687952426	5.202150906809709e-7	6.693124514922134e-5	5.519951479124212e-5	2016	tags=37%, list=15%, signal=32%	Nf1/Pdgfb/Nfe2l2/Nos3/Sp1/Stard13/Pdpk1/Sirt1/Kdr/Notch1/Prkd1/Amotl1/Tgfb1/Rgcc/Amot/Gadd45a/Hspb1/Adam17/Mecp2/Hdac5/Map2k3/Rhoj/Epha2/Prkd2/Spred1/Ptgs2/Nr2e1/Nrp1/Pik3c2a/Klf4
BP	GO:0002088	lens development in camera-type eye	60	-0.592207918729992	-2.146592210193442	5.961300928112893e-7	7.26360150426262e-5	5.990435076746776e-5	3264	tags=58%, list=24%, signal=44%	Cdon/Fgfr2/Six5/Med1/Spry2/Sox2/Dlg1/Pax6/Frs2/Pygo2/Fat1/Ski/Fgfr3/Cryab/Zeb2/Tgfb1/Smad3/Tbc1d32/Pou2f1/Sox11/Crybg3/Spred3/Gja1/Pds5b/Prox1/Spred2/Nhs/Tgfbr1/Hipk1/Skil/Epha2/Spred1/Pds5a/Bfsp2/Hipk2
BP	GO:0009791	post-embryonic development	102	-0.5090293339148511	-2.0089593600678937	1.5783268894741733e-6	1.5577870189947149e-4	1.2847376050586457e-4	3191	tags=48%, list=24%, signal=37%	Fgfr2/Sgpl1/Nr4a2/Cela1/Slc4a10/Aldh5a1/Morc3/Bcl11b/Ireb2/Llgl2/Kdm5b/Tcf7l2/Ash1l/Hmgn1/Rc3h2/Bcl2l11/Prdm1/Fendrr/Fzd5/Asl/Itpr1/Atm/Flt1/Foxp2/Kdr/Szt2/Plagl2/Tmtc3/Meg3/Ccdc66/Abl2/Tet2/Dicer1/Atrx/Mecp2/Tgfbr1/Sox6/Jak2/Zfx/Stk36/Zfp950/Tiparp/Arid5b/Acvr2b/Bcl2/Usp9x/Kmt2a/Ago2/Klf4
CC	GO:0005747	mitochondrial respiratory chain complex I	37	0.6187257741989947	2.390934634361751	1.9637209596718113e-6	1.8139242967224874e-4	1.4959790576717105e-4	4248	tags=76%, list=32%, signal=52%	Ndufa9/Ndufb6/Ndufv2/Ndufc2/Ndufb5/Ndufa10/Ndufs3/Ndufb10/Ndufa11/Ndufs4/Ndufb3/Ndufs8/Ndufa1/Ndufs2/Ndufa4/Ndufv1/Ndufa12/Ndufs6/Ndufs1/Ndufs7/Ndufa7/Ndufv3/Ndufa13/Ndufb7/Ndufb8/Ndufa6/Ndufb2/Foxred1
CC	GO:0030964	NADH dehydrogenase complex	37	0.6187257741989947	2.390934634361751	1.9637209596718113e-6	1.8139242967224874e-4	1.4959790576717105e-4	4248	tags=76%, list=32%, signal=52%	Ndufa9/Ndufb6/Ndufv2/Ndufc2/Ndufb5/Ndufa10/Ndufs3/Ndufb10/Ndufa11/Ndufs4/Ndufb3/Ndufs8/Ndufa1/Ndufs2/Ndufa4/Ndufv1/Ndufa12/Ndufs6/Ndufs1/Ndufs7/Ndufa7/Ndufv3/Ndufa13/Ndufb7/Ndufb8/Ndufa6/Ndufb2/Foxred1
CC	GO:0045271	respiratory chain complex I	37	0.6187257741989947	2.390934634361751	1.9637209596718113e-6	1.8139242967224874e-4	1.4959790576717105e-4	4248	tags=76%, list=32%, signal=52%	Ndufa9/Ndufb6/Ndufv2/Ndufc2/Ndufb5/Ndufa10/Ndufs3/Ndufb10/Ndufa11/Ndufs4/Ndufb3/Ndufs8/Ndufa1/Ndufs2/Ndufa4/Ndufv1/Ndufa12/Ndufs6/Ndufs1/Ndufs7/Ndufa7/Ndufv3/Ndufa13/Ndufb7/Ndufb8/Ndufa6/Ndufb2/Foxred1
BP	GO:0048008	platelet-derived growth factor receptor signaling pathway	58	-0.5908480602882884	-2.115511807663255	2.365652303101326e-6	2.0535572101018136e-4	1.693609036272287e-4	2572	tags=47%, list=19%, signal=38%	Phf14/Hip1/Bcr/Rapgef1/F3/Pdgfra/Pdgfb/Pten/Lrig2/Lrp1/Txnip/Clasp2/Ston1/Abl2/Plat/Iqgap1/Jak2/Ptpn1/Gab1/Zfp950/Tiparp/Arid5b/Ptpn2/Nrp1/Pdgfd/Nr4a3/Cbl
BP	GO:0014065	phosphatidylinositol 3-kinase signaling	101	-0.5027526287151033	-1.9861680942689681	2.894852770904626e-6	2.3974039326859578e-4	1.9771861937999534e-4	2706	tags=37%, list=20%, signal=30%	Unc5b/Ltk/Pik3ca/Pld2/Prr5l/Igf1r/Pik3cd/Nf1/Pdgfb/Ptpn13/Ppp1r16b/Pten/Entpd5/Plxnb1/Ppard/Flt1/Sirt1/Kdr/Insr/Sema4d/Hgf/Lime1/Xbp1/Jak2/Nyap2/Zfp36l1/Pik3c2b/Erbb3/Edn1/Erbb4/Ube3a/Pdgfd/Pik3c2a/Egfr/Klf4/Cbl/Prex2
BP	GO:0035329	hippo signaling	35	-0.644219128748886	-2.1138997205867027	4.936279923009895e-6	3.8658583527485097e-4	3.1882494468410595e-4	2427	tags=57%, list=18%, signal=47%	Amotl2/Limd1/Mob3b/Dlg5/Dchs1/Tead3/Fat4/Amotl1/Lats2/Cit/Sox11/Amot/Stk4/Mob1a/Wwtr1/Map2k3/Shank2/Mob1b/Lats1/Tead1
BP	GO:0010257	NADH dehydrogenase complex assembly	44	0.5647303390751586	2.2453281905790123	7.0883092210640686e-6	5.319923743517355e-4	4.387445784309941e-4	4955	tags=75%, list=37%, signal=48%	Ndufa9/Ndufb6/Ndufc2/Ndufb5/Ndufa10/Ndufb10/Bcs1l/Ndufa11/Tmem126a/Ndufaf3/Ndufs4/Ndufb3/Ndufs8/Ndufa1/Ndufs6/Ndufs1/Ndufs7/Ndufaf2/Oxa1l/Ndufaf6/Ndufa13/Ndufb7/Taz/Ndufb8/Ndufa6/Ndufb2/Foxred1/Ndufaf1/Ndufaf7/Ndufa3/Aifm1/Ndufa8/Ndufab1
BP	GO:0032981	mitochondrial respiratory chain complex I assembly	44	0.5647303390751586	2.2453281905790123	7.0883092210640686e-6	5.319923743517355e-4	4.387445784309941e-4	4955	tags=75%, list=37%, signal=48%	Ndufa9/Ndufb6/Ndufc2/Ndufb5/Ndufa10/Ndufb10/Bcs1l/Ndufa11/Tmem126a/Ndufaf3/Ndufs4/Ndufb3/Ndufs8/Ndufa1/Ndufs6/Ndufs1/Ndufs7/Ndufaf2/Oxa1l/Ndufaf6/Ndufa13/Ndufb7/Taz/Ndufb8/Ndufa6/Ndufb2/Foxred1/Ndufaf1/Ndufaf7/Ndufa3/Aifm1/Ndufa8/Ndufab1
BP	GO:0042773	ATP synthesis coupled electron transport	50	0.5365128886907482	2.16884522040301	9.135437283404102e-6	6.652442796216209e-4	5.486400465267615e-4	4591	tags=80%, list=34%, signal=53%	Bid/Ndufb6/Ndufv2/Ndufc2/Snca/Ndufa10/Uqcrb/Sdhd/Coq9/Coq7/Cox5a/Ndufs8/Ndufs2/Uqcrfs1/Ndufv1/Cox5b/Ndufa12/Dld/Ndufs6/Uqcrc1/Ndufs1/Uqcc3/Iscu/Mtch2/Sdha/Cyc1/Ndufa7/Cycs/Cox6a2/Sdhaf2/Park7/Sdhc/Uqcrh/Ndufv3/Taz/Ndufb8/Ndufaf1/Uqcr10/Chchd2/Cox4i1
CC	GO:0071005	U2-type precatalytic spliceosome	46	0.5340382228061684	2.1328484518027317	1.1742639959406103e-5	7.833863046992683e-4	6.460740991310668e-4	3514	tags=57%, list=26%, signal=42%	Snrpd3/Prpf31/Rbmx2/Snrpb2/Cwc27/Mfap1a/Rnf113a2/Ik/Lsm2/Bud13/Zmat2/Phf5a/Prpf38a/Sf3b2/Mfap1b/Wbp4/Snrpd1/Lsm4/Txnl4a/Eftud2/Sf3a3/Snrpa1/Snrpd2/Prpf6/Smu1/Sf3b5
BP	GO:0061298	retina vasculature development in camera-type eye	19	-0.744987478542118	-2.1315660998312667	1.3414259869209722e-5	8.72746951215002e-4	7.19771582542633e-4	2085	tags=58%, list=15%, signal=49%	Clic4/Fzd4/Pdgfra/Pdgfb/Col4a1/Ndp/Bmpr2/Rhoj/Acvr2b/Nrp1/Slc4a7
MF	GO:0003743	translation initiation factor activity	46	0.5294461931523681	2.114508747041009	1.4704551808639218e-5	9.055238955662014e-4	7.468033734572055e-4	4724	tags=67%, list=35%, signal=44%	Denr/Mtif3/Eif3g/Eif1ad/Eif2b3/Eif3c/Eif1a/Eif4h/Eif4b/Mcts1/Eif4a2/Eif2a/Eif3d/Mtif2/Eif2s2/Eif5b/Eif4e/Eif2b1/Eif3l/Eif4a1/Eif4g3/Eif3i/Eif4e3/Eif3e/Eif5/Eif4g1/Eif2b2/Eif3h/Eif6/Eif1/Eif4e2
MF	GO:0008013	beta-catenin binding	82	-0.5004280743352327	-1.8981151183760714	1.5113189969081748e-5	9.22801133281644e-4	7.610522513422522e-4	2561	tags=35%, list=19%, signal=29%	Cd2ap/Dact1/Tcf7l2/Bcl9l/Dlg5/Nos3/Foxo4/Cdh5/Ptpru/Lef1/Kank1/Smad3/Cdh24/Ep300/Tax1bp3/Rora/Pxn/Tcf7/Gja1/Foxo1/Cxadr/Apc/Tcf4/Kdm6b/Med12l/Gli3/Grin2b/Klf4/Amer2
BP	GO:0042775	mitochondrial ATP synthesis coupled electron transport	49	0.5338990092825314	2.155132354756324	1.7485429347448605e-5	0.0010078601475869376	8.31202094032399e-4	4591	tags=80%, list=34%, signal=53%	Bid/Ndufb6/Ndufv2/Ndufc2/Snca/Ndufa10/Uqcrb/Sdhd/Coq9/Coq7/Cox5a/Ndufs8/Ndufs2/Uqcrfs1/Ndufv1/Cox5b/Ndufa12/Dld/Ndufs6/Uqcrc1/Uqcc3/Iscu/Mtch2/Sdha/Cyc1/Ndufa7/Cycs/Cox6a2/Sdhaf2/Park7/Sdhc/Uqcrh/Ndufv3/Taz/Ndufb8/Ndufaf1/Uqcr10/Chchd2/Cox4i1
BP	GO:0002042	cell migration involved in sprouting angiogenesis	47	-0.5799220730440986	-2.023061936272297	3.382972881199218e-5	0.0016850610273764634	0.001389702983971677	1861	tags=32%, list=14%, signal=28%	Gpld1/Stard13/Kdr/Notch1/Nr4a1/Srf/Egr3/Hdac5/Rhoj/Spred1/Ptgs2/Nr2e1/Nrp1/Pik3c2a/Klf4
BP	GO:0090049	regulation of cell migration involved in sprouting angiogenesis	34	-0.625733941771931	-2.03627609176082	3.856289771925846e-5	0.0018279320925477449	0.0015075315625014823	1638	tags=32%, list=12%, signal=28%	Stard13/Kdr/Notch1/Hdac5/Rhoj/Spred1/Ptgs2/Nr2e1/Nrp1/Pik3c2a/Klf4
CC	GO:0071011	precatalytic spliceosome	50	0.510998423794959	2.065703382794204	4.0418107570860075e-5	0.001903349444758476	0.001569729736756141	3514	tags=54%, list=26%, signal=40%	Snrpd3/Prpf31/Rbmx2/Snrpb2/Cwc27/Mfap1a/Rnf113a2/Ik/Lsm2/Bud13/Zmat2/Phf5a/Prpf38a/Sf3b2/Mfap1b/Wbp4/Snrpe/Snrpd1/Lsm4/Txnl4a/Eftud2/Sf3a3/Snrpa1/Snrpd2/Prpf6/Smu1/Sf3b5
BP	GO:0048536	spleen development	27	-0.6706447594118908	-2.063353648246458	4.979811921419661e-5	0.0022147867218412754	0.0018265781869014936	2216	tags=52%, list=16%, signal=43%	Cacnb4/Rc3h2/Bcl2l11/Samd9l/Polb/Rc3h1/Prkdc/Tet2/Rbm15/Dicer1/Nfkb2/Adam17/Bcl2/Kmt2a
BP	GO:0043297	apical junction assembly	46	-0.5623835139233557	-1.9547236277404938	5.641569909325585e-5	0.002363227395156444	0.0019490001308533004	2942	tags=46%, list=22%, signal=36%	Pak2/Pdcd6ip/Dlg1/Cldn11/Myo1c/Cldn10/Fbf1/Dlg5/Fzd5/Pard3/Cdh5/Ikbkb/Cldn5/Pkn2/Tjp1/Srf/Gja1/Rock2/Vcl/Epha2/Rock1
BP	GO:0072538	T-helper 17 type immune response	18	-0.7270012936266962	-2.0559462753610505	6.658960157127051e-5	0.0027260118143238865	0.0022481955793649646	2096	tags=56%, list=16%, signal=47%	Prkcq/Rc3h2/Il6ra/Nfkbiz/Malt1/Rc3h1/Tgfb1/Rora/Nfkbid/Arid5a
BP	GO:0061029	eyelid development in camera-type eye	11	-0.8049426550350575	-1.974984440514428	7.117042986728071e-5	0.002862362451150636	0.0023606466323452782	1028	tags=64%, list=8%, signal=59%	Sos1/Inhba/Sox11/Srf/Map3k1/Kmt2c/Egfr
BP	GO:0060004	reflex	21	-0.6870276422573699	-1.9916839423799557	7.58151884825753e-5	0.002952694232524081	0.0024351450297817215	1792	tags=48%, list=13%, signal=41%	Ascl1/Foxp2/Gja1/Shank1/Aldh1a3/Adra1a/Hpn/Kcnma1/Pcdh15/Nr4a3
BP	GO:0002293	alpha-beta T cell differentiation involved in immune response	35	-0.5996786362828032	-1.9677473783523145	7.973435855808026e-5	0.0030236108074261484	0.0024936313244341445	2743	tags=46%, list=20%, signal=37%	Jak3/Sema4a/Rc3h2/Il6ra/Nfkbiz/Bcl6/Tmem98/Malt1/Rc3h1/Lef1/Tgfb1/Rora/Relb/Nfkbid/Gadd45g/Atp7a
BP	GO:0002294	CD4-positive, alpha-beta T cell differentiation involved in immune response	35	-0.5996786362828032	-1.9677473783523145	7.973435855808026e-5	0.0030236108074261484	0.0024936313244341445	2743	tags=46%, list=20%, signal=37%	Jak3/Sema4a/Rc3h2/Il6ra/Nfkbiz/Bcl6/Tmem98/Malt1/Rc3h1/Lef1/Tgfb1/Rora/Relb/Nfkbid/Gadd45g/Atp7a
BP	GO:0042093	T-helper cell differentiation	35	-0.5996786362828032	-1.9677473783523145	7.973435855808026e-5	0.0030236108074261484	0.0024936313244341445	2743	tags=46%, list=20%, signal=37%	Jak3/Sema4a/Rc3h2/Il6ra/Nfkbiz/Bcl6/Tmem98/Malt1/Rc3h1/Lef1/Tgfb1/Rora/Relb/Nfkbid/Gadd45g/Atp7a
CC	GO:0016469	proton-transporting two-sector ATPase complex	35	0.5552373013849476	2.095455597138819	8.297161130365997e-5	0.0031135961429316146	0.002567844001146713	2941	tags=63%, list=22%, signal=49%	Ccdc115/Atp6v1c1/Atp6v0e2/Atp6v1d/Atp6v1h/Atp6v1g2/Atp6v1e1/Atp6v0d1/Atp6v1b2/Atp5g3/Atp5a1/Atp6v1f/Atp5l/Atp6ap1/Atp6ap2/Atp5o/Atp5b/Atp6v1a/Atp5j/Tmem199/Atp6ap1l/Atp6v1g1
BP	GO:0014911	positive regulation of smooth muscle cell migration	51	-0.5485161023431119	-1.9377207538608545	8.680139563267209e-5	0.003190837018027563	0.002631546070603834	2002	tags=37%, list=15%, signal=32%	Pdgfb/Foxo4/Lrp1/Pgr/Sema6d/Adamts1/Myo5a/Rapgef4/Ssh1/Egr1/Lpar1/Igfbp5/Iqgap1/Dock5/Hdac4/Bcl2/Pdgfd/Nr4a3/Atp7a
CC	GO:0098636	protein complex involved in cell adhesion	27	-0.6555083158985846	-2.016783783192946	9.495546613149885e-5	0.0033211365702788802	0.0027390066750756824	2327	tags=52%, list=17%, signal=43%	Plp1/Itgb4/Itga8/Itga5/Itga11/Jam3/Itgal/Itgav/Lyn/Itga6/Itga1/Itga2b/Itga10/Itgb8
BP	GO:0043536	positive regulation of blood vessel endothelial cell migration	48	-0.5618168274418542	-1.9644412803191624	9.712676102955646e-5	0.003348364057036465	0.0027614617191235396	2002	tags=40%, list=15%, signal=34%	Pdgfb/Nfe2l2/Nos3/Sp1/Pdpk1/Sirt1/Kdr/Prkd1/Amotl1/Tgfb1/Amot/Hspb1/Adam17/Map2k3/Rhoj/Prkd2/Ptgs2/Nrp1/Pik3c2a
BP	GO:0050779	RNA destabilization	33	-0.6105368036542433	-1.9751609201218328	1.0317954204844172e-4	0.003540040954566774	0.002919541427886985	2145	tags=48%, list=16%, signal=41%	Rbm24/Upf1/Lin28b/Dxo/Dnd1/Mettl16/Cnot6l/Rc3h1/Cpeb3/Ythdf3/Rock2/Tnfrsf1b/Zfp36l2/Zfp36l1/Rock1/Qk
BP	GO:0007422	peripheral nervous system development	61	-0.5264569672161948	-1.906876915595992	1.1607794071930433e-4	0.003926486210716374	0.0032382504342005087	2254	tags=36%, list=17%, signal=30%	Itgb4/Nf1/Nab2/Ski/Hapln2/Pard3/Ndrg1/Etv1/Ednrb/Dmd/Fa2h/Sox10/Arhgef10/Sh3tc2/Dicer1/Bdnf/Egr2/Egr3/Sox8/Onecut2/Slc5a3/Erbb3
BP	GO:0072539	T-helper 17 cell differentiation	15	-0.7540197634558078	-2.052897778169469	0.00011709510152655859	0.003942384142518012	0.0032513617713596818	2096	tags=53%, list=16%, signal=45%	Rc3h2/Il6ra/Nfkbiz/Malt1/Rc3h1/Tgfb1/Rora/Nfkbid
CC	GO:0008305	integrin complex	25	-0.6620698238873627	-2.000031425869094	1.2080151784414683e-4	0.004029513592903138	0.0033232191434220703	2327	tags=64%, list=17%, signal=53%	Itga7/Itgb2/Itgb5/Plp1/Itgb4/Itga8/Itga5/Itga11/Itgal/Itgav/Lyn/Itga6/Itga1/Itga2b/Itga10/Itgb8
CC	GO:0033178	proton-transporting two-sector ATPase complex, catalytic domain	13	0.7617814610211899	2.1763234044885076	1.2168156143423138e-4	0.004040164286330125	0.00333200297985077	1931	tags=77%, list=14%, signal=66%	Atp6v1c1/Atp6v1h/Atp6v1e1/Atp6v1b2/Atp5a1/Atp6v1f/Atp6ap1/Atp5o/Atp5b/Atp6v1a
BP	GO:0030728	ovulation	17	-0.7279086271397831	-2.031821628783671	1.3341796617641103e-4	0.00438939016575818	0.0036200164338660917	1867	tags=53%, list=14%, signal=46%	Nos3/Pgr/Sirt1/Adamts1/Inhba/Alms1/Plat/Ptgs2/Nrip1
MF	GO:0003954	NADH dehydrogenase activity	20	0.6658806090205602	2.139444810109811	1.5561791002670776e-4	0.004971835879280754	0.004100370873814216	4252	tags=90%, list=32%, signal=62%	Ndufa9/Ndufv2/Ndufc2/Ndufa10/Ndufs3/Ndufs4/Ndufs8/Ndufs2/Ndufv1/Ndufa12/Ndufs1/Ndufs7/Ndufaf2/Ndufa7/Ndufa13/Ndufb7/Ndufb8/Ndufaf1
MF	GO:0008137	NADH dehydrogenase (ubiquinone) activity	19	0.6638770096535356	2.105929646110727	1.7065612882740723e-4	0.005277156258375403	0.0043521745978347135	4252	tags=89%, list=32%, signal=61%	Ndufv2/Ndufc2/Ndufa10/Ndufs3/Ndufs4/Ndufs8/Ndufs2/Ndufv1/Ndufa12/Ndufs1/Ndufs7/Ndufaf2/Ndufa7/Ndufa13/Ndufb7/Ndufb8/Ndufaf1
MF	GO:0050136	NADH dehydrogenase (quinone) activity	19	0.6638770096535356	2.105929646110727	1.7065612882740723e-4	0.005277156258375403	0.0043521745978347135	4252	tags=89%, list=32%, signal=61%	Ndufv2/Ndufc2/Ndufa10/Ndufs3/Ndufs4/Ndufs8/Ndufs2/Ndufv1/Ndufa12/Ndufs1/Ndufs7/Ndufaf2/Ndufa7/Ndufa13/Ndufb7/Ndufb8/Ndufaf1
BP	GO:0099151	regulation of postsynaptic density assembly	14	-0.7434401078379772	-1.96719833884161	2.228352160539427e-4	0.006442840108149422	0.005313537004346907	1269	tags=36%, list=9%, signal=32%	Nrxn1/Lrrtm2/Il1rap/Ptprd/Cbln1
MF	GO:0003955	NAD(P)H dehydrogenase (quinone) activity	22	0.6436160054767045	2.106770890202245	0.00022355447981087514	0.006442840108149422	0.005313537004346907	4252	tags=82%, list=32%, signal=56%	Cbr4/Ndufv2/Ndufc2/Ndufa10/Ndufs3/Ndufs4/Ndufs8/Ndufs2/Ndufv1/Ndufa12/Ndufs1/Ndufs7/Ndufaf2/Ndufa7/Ndufa13/Ndufb7/Ndufb8/Ndufaf1
BP	GO:1903670	regulation of sprouting angiogenesis	30	-0.6046367650727591	-1.908438958400432	2.444898074084295e-4	0.006981843824854246	0.005758063974769308	2928	tags=50%, list=22%, signal=39%	Glul/Creb3l1/Slc39a12/Epn2/Ppp1r16b/Itga5/Stard13/Pdpk1/Sema6a/Tjp1/Synj2bp/Rhoj/Ceacam1/Klf2/Klf4
BP	GO:0031060	regulation of histone methylation	55	-0.5178302742393297	-1.8476392738809064	3.170905885521939e-4	0.008430397381987295	0.006952714594589763	2757	tags=42%, list=20%, signal=33%	Kmt2e/Phf1/Auts2/Mthfr/Pygo2/Fendrr/Zfp335/Kdm3a/Mllt6/Sirt1/Rnf20/Asxl2/Setd7/Iws1/Bcor/Atrx/Mtf2/Ogt/Xbp1/Mecp2/Paxbp1/Kmt2a/Rif1
BP	GO:0097107	postsynaptic density assembly	22	-0.6601233514866485	-1.954070063645946	3.200179816083852e-4	0.00844589581497588	0.006965496457217407	1903	tags=36%, list=14%, signal=31%	Pten/Nrxn1/Lrrtm2/Shank1/Il1rap/Ptprd/Shank2/Cbln1
BP	GO:0048286	lung alveolus development	46	-0.52911149034567	-1.839077260057488	3.253722816004319e-4	0.008555866017996759	0.007056191047385471	2096	tags=39%, list=16%, signal=33%	Rc3h2/Zfp157/Creb1/Fgfr3/Man1a2/Pgr/Foxp2/Kdr/Tns3/Tmtc3/Meg3/Tgfb1/Bmpr2/Hopx/Igfbp5/Stk40/Slc7a11/Atp7a
BP	GO:0007257	activation of JUN kinase activity	28	-0.6057601968739497	-1.882191042864418	3.2736897021061863e-4	0.008577067019518207	0.007073675930483989	2758	tags=46%, list=20%, signal=37%	Trf/Map4k2/Ripk1/Syk/Ercc6/Map3k9/Ern1/Spag9/Map3k1/Ptpn1/Gab1/Map3k13/Fgd4
BP	GO:0007064	mitotic sister chromatid cohesion	17	-0.7085838600757951	-1.9778801336181284	3.320834223461303e-4	0.008627772319488594	0.007115493589030005	813	tags=41%, list=6%, signal=39%	Smc5/Pds5b/Atrx/Rb1/Pds5a/Nipbl/Tnks
BP	GO:0035924	cellular response to vascular endothelial growth factor stimulus	54	-0.5198874238331255	-1.85003426344684	3.4769644585521065e-4	0.008946974615667116	0.007378746003205504	2323	tags=35%, list=17%, signal=29%	Myo1c/Pik3cd/Pdgfra/Pdgfb/Sema6a/Flt1/Kdr/Notch1/Prkd1/Nr4a1/Ern1/Egr3/Hspb1/Xbp1/Map2k3/Tcf4/Gab1/Prkd2/Nrp1
BP	GO:0002292	T cell differentiation involved in immune response	37	-0.5772129006209851	-1.90319532132489	3.706652330243633e-4	0.009305376320350306	0.007674326940849188	2743	tags=43%, list=20%, signal=35%	Jak3/Sema4a/Rc3h2/Il6ra/Nfkbiz/Bcl6/Tmem98/Malt1/Rc3h1/Lef1/Tgfb1/Rora/Relb/Nfkbid/Gadd45g/Atp7a
CC	GO:0022624	proteasome accessory complex	23	0.6073493206768301	2.034983644058176	3.8372441102705473e-4	0.00950080543453584	0.00783550117651555	4442	tags=83%, list=33%, signal=55%	Psmc2/Psmd13/Psmc4/Psmd7/Psmc1/Psmd2/Psmd9/Psmc3/Psme1/Psmd12/Psmd5/Psmd8/Psmc5/Adrm1/Psmd6/Psmd4/Psme3/Psmd3/Psmd14
BP	GO:0006099	tricarboxylic acid cycle	28	0.5658067804553858	1.9981239121519543	3.918893466868923e-4	0.009669735420818695	0.007974821060012642	4893	tags=82%, list=36%, signal=52%	Mdh1/Idh3a/Sucla2/Sdhd/Mdh2/Ndufs4/Pdha1/Fh1/Pdhb/Suclg1/Dlat/Sdha/Idh3b/Idh3g/Sdhaf2/Cs/Sdhb/Ogdh/Sdhc/Aco2/Suclg2/Dlst/Aco1
MF	GO:0019840	isoprenoid binding	16	0.6775084173673777	2.0397293214885477	4.1679257113829354e-4	0.010017141737520075	0.00826133388484617	938	tags=44%, list=7%, signal=41%	Opn3/Akr1b10/Crabp2/Ptgds/Rbp1/Aldh1a2/Rabggtb
MF	GO:0035198	miRNA binding	23	-0.644471593599595	-1.9243131286129413	4.6936165208164964e-4	0.010873796473467158	0.00896783390083233	3594	tags=65%, list=27%, signal=48%	Ago1/Rbm10/Zc3h7a/Zc3h7b/Sox2/Fmr1/Pnpt1/Pum2/Rc3h1/Ago4/Rbm4/Dicer1/Sox4/Ago2/Ago3
BP	GO:0031062	positive regulation of histone methylation	31	-0.591570010243781	-1.881748578478294	5.072056126610871e-4	0.011491875595041298	0.009477575913511541	1353	tags=45%, list=10%, signal=41%	Tet1/Kmt2e/Phf1/Auts2/Sirt1/Rnf20/Asxl2/Mtf2/Ogt/Xbp1/Mecp2/Paxbp1/Kmt2a/Rif1
BP	GO:1901889	negative regulation of cell junction assembly	28	-0.5913992348925672	-1.8375693028627402	5.284237106537599e-4	0.011860725343490156	0.00978177355842097	1903	tags=32%, list=14%, signal=28%	Pten/Phldb2/Lrp1/Fam107a/Ikbkb/Clasp2/Rock2/Cbln1/Rock1
CC	GO:0000314	organellar small ribosomal subunit	29	0.5747222015075437	2.076629501961207	5.405256976097405e-4	0.012020023615056113	0.009913149977280655	4581	tags=69%, list=34%, signal=46%	Mrps14/Mrps36/Mrps27/Mrpl42/Mrps23/Mrps2/Mrps18b/Mrps18a/Mrps22/Mrps28/Mrps18c/Mrps7/Mrps31/Mrps10/Mrps5/Dap3/Mrps9/Mrps26/Mrps34/Mrps15
CC	GO:0005763	mitochondrial small ribosomal subunit	29	0.5747222015075437	2.076629501961207	5.405256976097405e-4	0.012020023615056113	0.009913149977280655	4581	tags=69%, list=34%, signal=46%	Mrps14/Mrps36/Mrps27/Mrpl42/Mrps23/Mrps2/Mrps18b/Mrps18a/Mrps22/Mrps28/Mrps18c/Mrps7/Mrps31/Mrps10/Mrps5/Dap3/Mrps9/Mrps26/Mrps34/Mrps15
CC	GO:0005838	proteasome regulatory particle	21	0.607468430535824	1.985420779308746	5.438081317975807e-4	0.012055807968004827	0.009942662037238358	3118	tags=67%, list=23%, signal=51%	Psmc2/Psmd13/Psmc4/Psmd7/Psmc1/Psmd2/Psmd9/Psmc3/Psmd12/Psmd5/Psmd8/Psmc5/Adrm1/Psmd6
BP	GO:0048483	autonomic nervous system development	29	-0.605713572613746	-1.8951258702885887	6.148383011649045e-4	0.013106242484890937	0.010808976051310763	2602	tags=45%, list=19%, signal=36%	Ednra/Kif26a/Nf1/Ascl1/Tbx1/Ednrb/Sox10/Plxna3/Sox11/Sox4/Egr2/Sox8/Nrp1
BP	GO:0070830	bicellular tight junction assembly	37	-0.5640183981706465	-1.859690203362907	6.778768363971984e-4	0.014156819148526997	0.011675407296604684	2942	tags=49%, list=22%, signal=38%	Ocln/Pak2/Pdcd6ip/Dlg1/Cldn11/Myo1c/Cldn10/Fzd5/Pard3/Cdh5/Ikbkb/Cldn5/Tjp1/Srf/Gja1/Rock2/Epha2/Rock1
BP	GO:0043584	nose development	12	-0.7526722090261282	-1.903120564337909	6.91019042961079e-4	0.014230898228950012	0.011736501771784627	3345	tags=100%, list=25%, signal=75%	Six4/Dlx5/Rdh10/Sox2/Rpgrip1l/Ski/Ascl1/Pou2f1/Smchd1/Chd7/Aldh1a3
BP	GO:0007062	sister chromatid cohesion	37	-0.5634433587533464	-1.8577941744844717	6.912997057782796e-4	0.014230898228950012	0.011736501771784627	1232	tags=41%, list=9%, signal=37%	Esco1/Mau2/Ddx11/Bub1b/Mcmbp/Stag1/Smc5/Pds5b/Atrx/Stag2/Sfpq/Rb1/Pds5a/Nipbl/Tnks
BP	GO:1900151	regulation of nuclear-transcribed mRNA catabolic process, deadenylation-dependent decay	14	-0.7177031722936027	-1.8990964751998907	7.03792696219517e-4	0.014405756750743239	0.011880711035164993	1008	tags=36%, list=7%, signal=33%	Cpeb3/Tnrc6b/Zfp36l2/Zfp36l1/Ago2
BP	GO:1900153	positive regulation of nuclear-transcribed mRNA catabolic process, deadenylation-dependent decay	14	-0.7177031722936027	-1.8990964751998907	7.03792696219517e-4	0.014405756750743239	0.011880711035164993	1008	tags=36%, list=7%, signal=33%	Cpeb3/Tnrc6b/Zfp36l2/Zfp36l1/Ago2
BP	GO:0006929	substrate-dependent cell migration	27	-0.6177713571017255	-1.9006795558587795	7.15390453100856e-4	0.014601666330288008	0.012042281520066592	2597	tags=56%, list=19%, signal=45%	Fgfr1/Ntn1/P2ry12/Fbln1/Pdgfb/Itga11/Tnfrsf12a/Shtn1/Ston1/Abl2/Stk4/Fmnl1/Anks1/Adam8/Nrp1
BP	GO:0060444	branching involved in mammary gland duct morphogenesis	23	-0.6345612226999423	-1.8947219766971382	7.337279335782436e-4	0.014865698647494084	0.012260034167077556	1784	tags=52%, list=13%, signal=45%	Ar/Med1/Kdm5b/Ncoa3/Pgr/Tgfb1/Etv5/Slc12a2/Tbx3/Epha2/Lrp6/Csmd1
BP	GO:2000810	regulation of bicellular tight junction assembly	17	-0.691006569261659	-1.928816393582631	7.389009374750624e-4	0.014912552533635364	0.012298675488859583	2323	tags=53%, list=17%, signal=44%	Myo1c/Fzd5/Ikbkb/Cldn5/Tjp1/Gja1/Rock2/Epha2/Rock1
BP	GO:0045332	phospholipid translocation	35	-0.5498787486837642	-1.8043371910682107	7.940326565134842e-4	0.015738813713189737	0.01298010934087528	1633	tags=37%, list=12%, signal=33%	Abca7/Atp11b/Xkr6/Plscr4/Atp10b/Atp8a1/Mfsd2a/Atp8a2/Atp11a/Atp11c/Trpc5/Xkr4/Abca1
BP	GO:0002287	alpha-beta T cell activation involved in immune response	36	-0.5621644313416195	-1.8458037292824765	8.389517230163672e-4	0.01632684330780201	0.013465068917424647	2743	tags=44%, list=20%, signal=35%	Jak3/Sema4a/Rc3h2/Il6ra/Nfkbiz/Bcl6/Tmem98/Malt1/Rc3h1/Lef1/Tgfb1/Rora/Relb/Nfkbid/Gadd45g/Atp7a
MF	GO:0001223	transcription coactivator binding	28	-0.5809695421154373	-1.8051626270424297	8.428044238395168e-4	0.01632684330780201	0.013465068917424647	1915	tags=36%, list=14%, signal=31%	Creb1/Pgr/Ppard/Nfkb1/Smad3/Cit/Rora/Foxo1/Ccnt2/Nr4a3
BP	GO:0060443	mammary gland morphogenesis	46	-0.5094230971495155	-1.7706446577141461	8.571238328774158e-4	0.016551635595242108	0.013650459539813975	3307	tags=46%, list=25%, signal=35%	Ar/Fgfr2/Cav1/Med1/Ntn1/Kdm5b/Zfp157/Ncoa3/Pgr/Nr3c1/Tgfb1/Etv5/Scrib/Igfbp5/Slc12a2/Tbx3/Epha2/Lrp6/Ptch1/Csmd1/Gli3
BP	GO:0061157	mRNA destabilization	30	-0.5796095740753141	-1.8294446446605042	8.650399661532142e-4	0.016620301216357092	0.013707089428589177	2145	tags=53%, list=16%, signal=45%	Mettl3/Plekhn1/Mov10/Rbm24/Upf1/Dnd1/Mettl16/Cnot6l/Rc3h1/Cpeb3/Ythdf3/Rock2/Zfp36l2/Zfp36l1/Rock1/Qk
BP	GO:0021575	hindbrain morphogenesis	50	-0.5052418446688997	-1.779653333031683	8.788678314212932e-4	0.016841071078166004	0.013889162677416574	3308	tags=44%, list=25%, signal=33%	Ophn1/Cbs/Gas1/Herc1/Gli1/Smo/Kndc1/Ulk1/Rfx4/Sptbn2/Pcnt/Nfix/Nrxn1/Wnt7a/Abl2/Rora/Prox1/Hspa5/Lrp6/Cbln1/Usp9x/Atp7a
BP	GO:0061299	retina vasculature morphogenesis in camera-type eye	11	-0.7532484607331437	-1.8481490333303436	8.845045721833517e-4	0.016904125842390053	0.01394116518211649	2085	tags=64%, list=15%, signal=54%	Clic4/Fzd4/Col4a1/Ndp/Rhoj/Nrp1/Slc4a7
BP	GO:1904738	vascular associated smooth muscle cell migration	26	-0.6108033289383686	-1.8679773460945837	8.919151894508435e-4	0.01700065857141092	0.014020777623085526	2002	tags=50%, list=15%, signal=43%	Pdgfb/Nfe2l2/Lrp1/Gna13/Adamts1/Myo5a/Ssh1/Gna12/Igfbp5/Iqgap1/Dock5/Nr4a3/Atp7a
CC	GO:0043186	P granule	12	-0.7425624822917538	-1.8775582696001785	9.486821636095676e-4	0.017753909061836194	0.014641998123242675	2708	tags=67%, list=20%, signal=53%	Mov10/Tdrkh/Piwil2/Carhsp1/Ddx3y/Tdrd5/Tdrd6/Helz
CC	GO:0060293	germ plasm	12	-0.7425624822917538	-1.8775582696001785	9.486821636095676e-4	0.017753909061836194	0.014641998123242675	2708	tags=67%, list=20%, signal=53%	Mov10/Tdrkh/Piwil2/Carhsp1/Ddx3y/Tdrd5/Tdrd6/Helz
BP	GO:0060603	mammary gland duct morphogenesis	33	-0.564166475985809	-1.825147262442641	9.851619082602574e-4	0.01809898400281659	0.014926588216647744	3307	tags=52%, list=25%, signal=39%	Ar/Fgfr2/Med1/Ntn1/Kdm5b/Ncoa3/Pgr/Nr3c1/Tgfb1/Etv5/Scrib/Slc12a2/Tbx3/Epha2/Lrp6/Ptch1/Csmd1
MF	GO:0061980	regulatory RNA binding	31	-0.5800201992540912	-1.8450093252450455	9.924164142121e-4	0.01809898400281659	0.014926588216647744	3594	tags=58%, list=27%, signal=43%	Ago1/Rbm10/Zc3h7a/Zc3h7b/Sox2/Fmr1/Pnpt1/Tlr9/Piwil2/Pum2/Rc3h1/Ago4/Rbm4/Dicer1/Sox4/Mecp2/Ago2/Ago3
BP	GO:0061014	positive regulation of mRNA catabolic process	48	-0.5224348668223953	-1.8267388382384726	0.0010065597866400074	0.0182676656492223	0.015065703289361906	3230	tags=46%, list=24%, signal=35%	Mettl3/Cnot1/Plekhn1/Mov10/Prr5l/Pnpt1/Rbm24/Upf1/Zc3hav1/Dnd1/Mettl16/Cnot6l/Rc3h1/Cpeb3/Ythdf3/Tnrc6b/Rock2/Zfp36l2/Zfp36l1/Rock1/Qk/Ago2
BP	GO:1904889	regulation of excitatory synapse assembly	17	-0.684349720114096	-1.9102350365643532	0.0010401922539730864	0.018736462974690216	0.015452329667573874	1269	tags=35%, list=9%, signal=32%	Nrxn1/Lrrtm2/Wnt7a/Il1rap/Ptprd/Cbln1
BP	GO:0007099	centriole replication	36	-0.5558957269033357	-1.8252211427920078	0.0010537192495572553	0.01893278601760605	0.015614241143852755	2824	tags=44%, list=21%, signal=35%	Spice1/Cdk2/Poc1b/D7Ertd443e/Cep152/Rbm14/Cep192/Cep295/Kat2b/Cep135/Ccp110/Rttn/Alms1/Cdk5rap2/Mdm1/Sass6
BP	GO:0032252	secretory granule localization	19	-0.6573058503186345	-1.8806904922775225	0.0011106330979129713	0.019758299927069033	0.016295058707521046	2850	tags=53%, list=21%, signal=42%	Kif1b/Tcf7l2/Syt4/Kif1c/Kif5a/Myo5a/Tanc2/Map2/Mecp2/Kif5b
BP	GO:0097345	mitochondrial outer membrane permeabilization	28	0.540252094564474	1.9078785656662396	0.001116399924480972	0.019806323178655078	0.016334664427993417	1582	tags=39%, list=12%, signal=35%	Bid/Tmem14a/Bbc3/Slc25a5/Pmaip1/Bok/Vdac2/Bnip3/Mpv17l/Eya2/Bloc1s2
MF	GO:0016655	oxidoreductase activity, acting on NAD(P)H, quinone or similar compound as acceptor	28	0.5394405413848875	1.905012598219173	0.001130097912257612	0.019908802145833952	0.01641918084856754	4462	tags=75%, list=33%, signal=50%	Cbr4/Ndufv2/Ndufc2/Ndufa10/Ndufs3/Cbr1/Cryz/Ndufs4/Ndufs8/Ndufs2/Ndufv1/Ndufa12/Ndufs1/Ndufs7/Ndufaf2/Ndufa7/Ndufa13/Ndufb7/Ndufb8/Ndufaf1/Akr1c18
BP	GO:0021587	cerebellum morphogenesis	48	-0.5199124106106482	-1.817918851246064	0.0011347823273313304	0.019941723581517648	0.016446331804326985	3308	tags=46%, list=25%, signal=35%	Ophn1/Cbs/Gas1/Herc1/Gli1/Smo/Kndc1/Ulk1/Rfx4/Sptbn2/Pcnt/Nfix/Nrxn1/Wnt7a/Abl2/Rora/Prox1/Hspa5/Lrp6/Cbln1/Usp9x/Atp7a
BP	GO:0017004	cytochrome complex assembly	31	0.523911884739859	1.9285069311573693	0.0011933296181049114	0.020668124755879536	0.017045409145248547	4506	tags=61%, list=33%, signal=41%	Coa4/Sco1/Taco1/Bcs1l/Cox16/Smim20/Uqcrfs1/Pet100/Cox15/Lyrm7/Uqcc1/Uqcc3/Oxa1l/Cox17/1190007I07Rik/Cox20/Cyba/Cox14/Uqcc2
BP	GO:0016226	iron-sulfur cluster assembly	19	0.6114170571033034	1.9395178443724022	0.001230568496413462	0.020913066265842137	0.017247417227901508	2872	tags=63%, list=21%, signal=50%	Nfu1/Lyrm4/Hspa9/Ciao1/Fxn/Isca2/Isca1/Nubp2/Iscu/Xdh/Nfs1/Mms19
BP	GO:0031163	metallo-sulfur cluster assembly	19	0.6114170571033034	1.9395178443724022	0.001230568496413462	0.020913066265842137	0.017247417227901508	2872	tags=63%, list=21%, signal=50%	Nfu1/Lyrm4/Hspa9/Ciao1/Fxn/Isca2/Isca1/Nubp2/Iscu/Xdh/Nfs1/Mms19
MF	GO:0070990	snRNP binding	11	0.7206331720272035	1.9842284045394485	0.0012306925880245755	0.020913066265842137	0.017247417227901508	2143	tags=64%, list=16%, signal=54%	Snrpd3/Prpf31/Snrpb2/Strap/Snrpe/Snrpd1/Snrpc
CC	GO:0005790	smooth endoplasmic reticulum	35	-0.5382293674112216	-1.7661116514682609	0.0012344119999476441	0.020926914022641827	0.01725883774539802	2694	tags=40%, list=20%, signal=32%	Fmr1/Syvn1/Kcnn2/Myo1d/Itpr1/Myo5a/Dnajc3/Map2/Ryr2/Kcnj2/Ryr1/Hspa5/Pdia4/Ryr3
BP	GO:1905508	protein localization to microtubule organizing center	34	-0.5547736049069749	-1.8053555234882586	0.0012513999510068018	0.021165109500009407	0.017455282242237205	1999	tags=50%, list=15%, signal=43%	Golgb1/Pibf1/Htt/4933427D14Rik/Numa1/Cep250/Cep83/Nedd1/Spag5/Cep192/Pcm1/Ubxn2b/Nin/Apc/Cep350/Bicd1/Hook3
BP	GO:0099640	axo-dendritic protein transport	17	-0.6803443106407989	-1.8990546805463757	0.0012697486135241022	0.021301554370893427	0.01756781101189867	2412	tags=41%, list=18%, signal=34%	Kif5c/Dlg2/Kif5a/Myo5a/Hspb1/Sfpq/Kif5b
BP	GO:1904752	regulation of vascular associated smooth muscle cell migration	25	-0.6109631078389736	-1.8456443287958764	0.0012729485924942662	0.021301554370893427	0.01756781101189867	2002	tags=52%, list=15%, signal=44%	Pdgfb/Nfe2l2/Lrp1/Gna13/Adamts1/Myo5a/Ssh1/Gna12/Igfbp5/Iqgap1/Dock5/Nr4a3/Atp7a
BP	GO:0007063	regulation of sister chromatid cohesion	15	-0.6949940187837338	-1.8921940062461207	0.0012749735217903913	0.021301554370893427	0.01756781101189867	813	tags=47%, list=6%, signal=44%	Ddx11/Smc5/Atrx/Sfpq/Rb1/Nipbl/Tnks
CC	GO:0031932	TORC2 complex	12	-0.7340588525612564	-1.8560569674163707	0.001297790754238666	0.021430808522837394	0.017674409454168098	314	tags=33%, list=2%, signal=33%	Prr5l/Rictor/Smg1/Sesn3
BP	GO:0021683	cerebellar granular layer morphogenesis	11	-0.7440611368938745	-1.8256072764498692	0.0012998283587064455	0.021430808522837394	0.017674409454168098	2411	tags=73%, list=18%, signal=60%	Ophn1/Kndc1/Ulk1/Nfix/Nrxn1/Wnt7a/Prox1/Cbln1
MF	GO:0005161	platelet-derived growth factor receptor binding	14	-0.7035896291411182	-1.861750980449172	0.0013086361890323817	0.021526766534197054	0.017753547914173985	2051	tags=50%, list=15%, signal=42%	Pdgfra/Pdgfb/Pten/Rasa1/Ern1/Lyn/Pdgfd
CC	GO:0044666	MLL3/4 complex	10	-0.7776158318169961	-1.890439621672924	0.0013172437548892328	0.021569866486311186	0.01778909329270268	758	tags=40%, list=6%, signal=38%	Uty/Kmt2d/Kdm6b/Kmt2c
BP	GO:0120192	tight junction assembly	39	-0.5435319509465107	-1.81424755895177	0.0013334073059010332	0.021744285620691306	0.017932940184638216	2942	tags=46%, list=22%, signal=36%	Pak2/Pdcd6ip/Dlg1/Cldn11/Myo1c/Cldn10/Lsr/Fzd5/Pard3/Cdh5/Ikbkb/Cldn5/Tjp1/Srf/Gja1/Rock2/Epha2/Rock1
CC	GO:0038201	TOR complex	15	-0.6930285279618082	-1.886842751628005	0.0013339311928307505	0.021744285620691306	0.017932940184638216	314	tags=20%, list=2%, signal=20%	Rictor/Smg1/Sesn3
CC	GO:0045495	pole plasm	13	-0.7221083619156097	-1.8552710473189424	0.0013568049565918082	0.02196804429717748	0.018117478367736858	2708	tags=62%, list=20%, signal=49%	Mov10/Tdrkh/Piwil2/Carhsp1/Ddx3y/Tdrd5/Tdrd6/Helz
BP	GO:0098534	centriole assembly	37	-0.5488186030513341	-1.8095732033356204	0.001443383545153094	0.02294378762911714	0.01892219309198528	2824	tags=43%, list=21%, signal=34%	Spice1/Cdk2/Poc1b/D7Ertd443e/Cep152/Rbm14/Cep192/Cep295/Kat2b/Cep135/Ccp110/Rttn/Alms1/Cdk5rap2/Mdm1/Sass6
BP	GO:0061158	3'-UTR-mediated mRNA destabilization	15	-0.6912936835227832	-1.8821194559440546	0.0014518466113643354	0.02294378762911714	0.01892219309198528	3019	tags=67%, list=22%, signal=52%	Plekhn1/Mov10/Rbm24/Upf1/Dnd1/Rc3h1/Cpeb3/Zfp36l2/Zfp36l1/Qk
BP	GO:0018023	peptidyl-lysine trimethylation	38	-0.5364237595456989	-1.7847647914011004	0.0015267087579712328	0.02406988315357272	0.019850906227680775	1766	tags=32%, list=13%, signal=28%	Zfp335/Arid4b/Sirt1/Setd4/Tet2/Iws1/Atrx/Ogt/Mecp2/Kmt2d/Tet3/Kmt2a
BP	GO:1903429	regulation of cell maturation	20	-0.6255691394524111	-1.8084647957497035	0.0015733590795438059	0.024643591669811133	0.020324054929118502	1582	tags=35%, list=12%, signal=31%	Dleu2/Ednrb/Grb14/Lrrk2/Tbx6/Bcl2/Map3k13
CC	GO:0000242	pericentriolar material	20	-0.6236443915554224	-1.80290052060748	0.0016584032746624058	0.025586286068399643	0.021101513547772524	2226	tags=55%, list=17%, signal=46%	Cep152/Akap9/Tnks2/Pcnt/Nedd1/Cep192/Pcm1/Nin/Cdk5rap2/Nek1/Hook3
MF	GO:0032452	histone demethylase activity	24	-0.6040295498241528	-1.820158452096912	0.001719637214796055	0.02630570304162543	0.02169483088059835	3315	tags=58%, list=25%, signal=44%	Kdm3b/Phf8/Kdm2a/Kdm5b/Fbxl19/Phf2/Kdm3a/Kdm5c/Uty/Kdm5a/Kdm5d/Jmjd1c/Kdm6b/Kdm7a
MF	GO:0140457	protein demethylase activity	24	-0.6040295498241528	-1.820158452096912	0.001719637214796055	0.02630570304162543	0.02169483088059835	3315	tags=58%, list=25%, signal=44%	Kdm3b/Phf8/Kdm2a/Kdm5b/Fbxl19/Phf2/Kdm3a/Kdm5c/Uty/Kdm5a/Kdm5d/Jmjd1c/Kdm6b/Kdm7a
BP	GO:0045601	regulation of endothelial cell differentiation	35	-0.5290333225421151	-1.7359363340773293	0.0017568356289870573	0.026704642841459385	0.022023844382926802	2319	tags=43%, list=17%, signal=36%	Id1/Notch4/Apold1/Cdh5/Zeb1/Ikbkb/Cldn5/Akap11/Notch1/Rock2/Tmem100/Tgfbr1/Vcl/Ceacam1/Rock1
BP	GO:0046854	phosphatidylinositol phosphorylation	39	-0.5364965109704797	-1.7907640640432576	0.0017733319530858862	0.02689864573049223	0.02218384238264782	2959	tags=36%, list=22%, signal=28%	Ttc7/Itpkc/Pik3ca/Socs7/Pik3cd/Cish/Fam126a/Socs1/Socs4/Pik3c2b/Socs6/Fam126b/Smg1/Pik3c2a
MF	GO:0030547	receptor inhibitor activity	16	0.6403080818012135	1.9277327569021427	0.0017819915557340542	0.026973212519041723	0.02224533908031565	2085	tags=38%, list=15%, signal=32%	Wfikkn2/Pcsk9/Lrpap1/Dkkl1/Dut/Ly6e
BP	GO:0014041	regulation of neuron maturation	15	-0.6798106334839804	-1.8508556495376742	0.0017923065147230765	0.027072470521131584	0.02232719910760624	1582	tags=47%, list=12%, signal=41%	Bcl11a/Dleu2/Ednrb/Lrrk2/Tbx6/Bcl2/Map3k13
BP	GO:1902043	positive regulation of extrinsic apoptotic signaling pathway via death domain receptors	14	-0.6945162475375332	-1.8377421315451812	0.0018092217602297474	0.02726489206696693	0.022485892942478297	2156	tags=50%, list=16%, signal=42%	Mal/Bmpr1b/Pten/Trps1/Stk4/Skil/Atf3
CC	GO:0031083	BLOC-1 complex	13	0.6912596270478559	1.9748505075268548	0.0019175685687847564	0.028253745476675193	0.02330141980581197	3602	tags=77%, list=27%, signal=56%	Snap25/Bloc1s6/Bloc1s5/Snap47/Bloc1s2/Stx12/Bloc1s3/Bloc1s1/Pi4k2a/Snapin
BP	GO:0071364	cellular response to epidermal growth factor stimulus	35	-0.5268040063925942	-1.7286211976970673	0.0019714070322142483	0.028694924580007393	0.02366526889282176	1939	tags=31%, list=14%, signal=27%	Ptpn12/Knstrn/Pde8a/Rasa1/Pdpk1/Iqgap1/Zfp36l2/Zfp36l1/Erbb4/Egfr/Cbl
MF	GO:0008171	O-methyltransferase activity	18	0.6045425574384653	1.902769591295686	0.0019968716517345477	0.028948612174542084	0.023874490043506346	3229	tags=50%, list=24%, signal=38%	Lcmt2/Pcmt1/Lcmt1/Comt/Bcdin3d/Cmtr1/Cmtr2/Coq3/Ftsj1
BP	GO:0060117	auditory receptor cell development	22	-0.6174772373199143	-1.827830786037649	0.002036479110493903	0.029345663982217142	0.024201946481553858	2070	tags=45%, list=15%, signal=39%	Fgfr1/Clic5/Tprn/Rest/Pls1/Alg10b/Scrib/Pdzd7/Slc4a7/Pcdh15
BP	GO:0046629	gamma-delta T cell activation	13	-0.7091481582571287	-1.8219731492705789	0.002049117691609277	0.029410145354670993	0.02425512553813036	2480	tags=62%, list=18%, signal=50%	Nckap1l/Syk/Stat5b/Lef1/Tcf7/Sox4/Cxadr/Egr3
BP	GO:0009880	embryonic pattern specification	44	-0.5092470899275144	-1.7519300426294784	0.002080422263499598	0.02969378911336236	0.024489052126802375	1082	tags=27%, list=8%, signal=25%	Wnt7a/Smad3/Pgap1/Zbtb16/Tdrd5/Pcsk6/Tbx3/Tbx6/Lrp6/Ptch1/Nrp1/Erbb4
MF	GO:0005501	retinoid binding	15	0.6677734299061727	1.9715202277498411	0.002086930343562167	0.02969378911336236	0.024489052126802375	748	tags=40%, list=6%, signal=38%	Opn3/Akr1b10/Crabp2/Ptgds/Rbp1/Aldh1a2
BP	GO:0071539	protein localization to centrosome	33	-0.5454172252207332	-1.764491152653534	0.0021686273009871543	0.030496473131564197	0.025151041429954328	1999	tags=48%, list=15%, signal=41%	Golgb1/Pibf1/Htt/4933427D14Rik/Cep250/Cep83/Nedd1/Spag5/Cep192/Pcm1/Ubxn2b/Nin/Apc/Cep350/Bicd1/Hook3
BP	GO:0072698	protein localization to microtubule cytoskeleton	48	-0.5001705722834913	-1.7488898007353477	0.0021776874647376414	0.030496473131564197	0.025151041429954328	2948	tags=42%, list=22%, signal=33%	Dvl1/Golgb1/Gas2l1/Pibf1/Htt/4933427D14Rik/Numa1/Cep250/Cep83/Nedd1/Spag5/Cep192/Pcm1/Ubxn2b/Nin/Apc/Cep350/Ttbk2/Bicd1/Hook3
BP	GO:2000316	regulation of T-helper 17 type immune response	11	-0.7284994027549285	-1.7874254474716273	0.0021796604688752172	0.030496473131564197	0.025151041429954328	2785	tags=64%, list=21%, signal=51%	Prkcq/Rc3h2/Nfkbiz/Malt1/Rc3h1/Nfkbid/Arid5a
MF	GO:0004298	threonine-type endopeptidase activity	19	0.5960143906678814	1.8906579932194936	0.0021884115869746936	0.030557181170838502	0.025201108544414822	3132	tags=58%, list=23%, signal=45%	Psma4/Psmb7/Psmb4/Psma5/Psma2/Psma6/Psma1/Psmb5/Psmb6/Psmb1/Psma7
MF	GO:0099604	ligand-gated calcium channel activity	19	-0.6339005670866861	-1.813723046875888	0.0022322351225628053	0.030751919805095628	0.025361713327698574	1658	tags=53%, list=12%, signal=46%	Tpcn1/Tpcn2/Itpr1/Pkd2/Ryr2/Ryr1/Itpr2/Grin2a/Ryr3/Grin2b
BP	GO:1903055	positive regulation of extracellular matrix organization	20	-0.6172096991423314	-1.7842983966108596	0.0022537149463383306	0.03092955464450985	0.025508212274846873	1678	tags=35%, list=12%, signal=31%	Phldb2/Clasp2/Phldb1/Rgcc/Smad3/Rb1/Cflar
BP	GO:0048048	embryonic eye morphogenesis	28	-0.5563150022834242	-1.728557141443951	0.0022723375188483897	0.031018708476214383	0.02558173919401442	3696	tags=61%, list=27%, signal=44%	Kdm2b/Arid1a/Foxf2/Ift172/Stra6/Sp3/Pax6/Frs2/Fzd5/Sp1/Zeb1/Sox11/Prox1/Aldh1a3/Hipk1/Lrp6/Hipk2
BP	GO:0045737	positive regulation of cyclin-dependent protein serine/threonine kinase activity	22	-0.6163702889378994	-1.8245540428495381	0.0022892796273995568	0.031062635998896054	0.025617967086273168	1234	tags=41%, list=9%, signal=37%	Pdgfb/Ccnd2/Rgcc/Pkd2/Pim1/Pkd1/Prox1/Adam17/Egfr
MF	GO:0005545	1-phosphatidylinositol binding	12	-0.7183247040653913	-1.8162734053215628	0.002394848277186586	0.031649965866442704	0.026102349584143918	1585	tags=50%, list=12%, signal=44%	Snx9/Eea1/Mcf2l/Wdfy3/Wdfy1/Zfyve16
BP	GO:0046599	regulation of centriole replication	19	-0.6314716687754565	-1.8067734571857552	0.0024028495945793422	0.031649965866442704	0.026102349584143918	1208	tags=47%, list=9%, signal=43%	Spice1/D7Ertd443e/Rbm14/Cep192/Cep295/Kat2b/Alms1/Cdk5rap2/Mdm1
BP	GO:1904754	positive regulation of vascular associated smooth muscle cell migration	19	-0.6318758861338634	-1.807930008192263	0.0024028495945793422	0.031649965866442704	0.026102349584143918	2769	tags=63%, list=21%, signal=50%	Smo/Dock4/Pdgfb/Lrp1/Adamts1/Myo5a/Ssh1/Igfbp5/Iqgap1/Dock5/Nr4a3/Atp7a
CC	GO:0098993	anchored component of synaptic vesicle membrane	19	0.5938259711587927	1.8837159580905436	0.0024214942554792633	0.03183734691738703	0.02625688642370427	4251	tags=68%, list=32%, signal=47%	Rab5a/Rab3a/Rab4b/Rab3b/Rab7/Syn1/Dnajc5/Rab35/Rab11b/Rab4a/Rab14/Rab2a/Rab5c
BP	GO:0035767	endothelial cell chemotaxis	24	-0.5929638740617005	-1.786813587970554	0.0025025469245760546	0.03247462866709026	0.026782465221625997	2002	tags=46%, list=15%, signal=39%	Fgfr1/Pdgfb/Plekhg5/Kdr/Notch1/Prkd1/Nr4a1/Egr3/Hspb1/Prkd2/Nrp1
BP	GO:1902895	positive regulation of pri-miRNA transcription by RNA polymerase II	38	-0.5233760537561214	-1.7413530567651847	0.002509092742092004	0.03247462866709026	0.026782465221625997	2002	tags=45%, list=15%, signal=38%	Gata2/Rela/Bmpr1a/Ets1/Pdgfb/Fos/Apln/Nr3c1/Nfkb1/Klf5/Tgfb1/Smad3/Egr1/Srf/Tgfbr1/Tead1/Klf4
BP	GO:0003382	epithelial cell morphogenesis	34	-0.5339341386573024	-1.737539309509041	0.002515159082022647	0.032476202842245824	0.026783763474849735	2812	tags=47%, list=21%, signal=37%	Bcl11b/Ccdc88c/Id1/Notch4/Fat1/Clic4/Pard3/Col22a1/Sipa1l3/Map3k1/Scrib/Arhgef26/Frmd6/Jmjd1c/Rock1/Flnb
BP	GO:0015985	energy coupled proton transport, down electrochemical gradient	16	0.6294364837022559	1.8950023629388477	0.0025441784480681995	0.032559157581405644	0.026852177880424394	4947	tags=94%, list=37%, signal=59%	Dnajc30/Atp5g3/Atp5a1/Atp5l/Atp5o/Atp5b/Atp5j/Atp5g1/Atp5h/Stoml2/Atp5c1/Atp5j2/Atp5e/Atp5d/Atp5g2
BP	GO:0015986	ATP synthesis coupled proton transport	16	0.6294364837022559	1.8950023629388477	0.0025441784480681995	0.032559157581405644	0.026852177880424394	4947	tags=94%, list=37%, signal=59%	Dnajc30/Atp5g3/Atp5a1/Atp5l/Atp5o/Atp5b/Atp5j/Atp5g1/Atp5h/Stoml2/Atp5c1/Atp5j2/Atp5e/Atp5d/Atp5g2
MF	GO:0004709	MAP kinase kinase kinase activity	20	-0.614049726162209	-1.7751631955121066	0.0025655458572724043	0.03263742494338743	0.026916726513813074	1175	tags=35%, list=9%, signal=32%	Braf/Map3k9/Map3k14/Map3k1/Map3k8/Map3k2/Map3k13
BP	GO:0032253	dense core granule localization	13	-0.7040791333455663	-1.8089495981630799	0.002572943423711875	0.03263742494338743	0.026916726513813074	2850	tags=62%, list=21%, signal=49%	Kif1b/Syt4/Kif1c/Kif5a/Tanc2/Map2/Mecp2/Kif5b
BP	GO:1901950	dense core granule transport	13	-0.7040791333455663	-1.8089495981630799	0.002572943423711875	0.03263742494338743	0.026916726513813074	2850	tags=62%, list=21%, signal=49%	Kif1b/Syt4/Kif1c/Kif5a/Tanc2/Map2/Mecp2/Kif5b
BP	GO:0035335	peptidyl-tyrosine dephosphorylation	33	-0.5400332051441291	-1.747073191959256	0.002734349639960122	0.033850496831465085	0.027917170767905383	1962	tags=30%, list=15%, signal=26%	Ptpn13/Ptpn12/Dusp5/Ptpn18/Ptprb/Ptpn1/Ptpn9/Ptpn2/Ptprz1/Dusp4
CC	GO:0030990	intraciliary transport particle	28	0.5160796198547701	1.8225144424323787	0.0027669202653982402	0.034078052157597134	0.028104840122668583	3134	tags=50%, list=23%, signal=38%	Ttc30a1/Ttc30b/Ubxn10/Hspb11/Ift46/Ift22/Ift20/Ift52/Ift122/Wdr35/Dync2li1/Ift74/Ift81/Ift57
BP	GO:0034405	response to fluid shear stress	22	-0.6076340781849083	-1.7986934701797848	0.0028229706559145893	0.03470905047075873	0.028625236846843646	1048	tags=36%, list=8%, signal=34%	Pkd2/Pkd1/Xbp1/Hdac5/Klf2/Ptgs2/Abca1/Klf4
BP	GO:0045738	negative regulation of DNA repair	19	-0.6261820913976054	-1.79163886211427	0.0028293863400308105	0.034728668790327065	0.028641416460995113	1860	tags=42%, list=14%, signal=36%	Rnf169/Trip12/Ercc6/Ubr5/Otub2/Smchd1/Klhl15/Rif1
CC	GO:0005682	U5 snRNP	14	0.6443764858094904	1.8674603150343112	0.00290825051400246	0.035515160937945295	0.029290052009890974	3314	tags=57%, list=25%, signal=43%	Snrpd3/Snrpe/Snrpd1/Txnl4b/Txnl4a/Cd2bp2/Snrpd2/Prpf6
BP	GO:0021684	cerebellar granular layer formation	10	-0.7537045896614241	-1.8323096843378168	0.00291980813147238	0.03553584051901774	0.029307106867285895	2411	tags=80%, list=18%, signal=66%	Ophn1/Kndc1/Ulk1/Nfix/Nrxn1/Wnt7a/Prox1/Cbln1
BP	GO:0021707	cerebellar granule cell differentiation	10	-0.7537045896614241	-1.8323096843378168	0.00291980813147238	0.03553584051901774	0.029307106867285895	2411	tags=80%, list=18%, signal=66%	Ophn1/Kndc1/Ulk1/Nfix/Nrxn1/Wnt7a/Prox1/Cbln1
MF	GO:0070577	lysine-acetylated histone binding	19	-0.6251461320094247	-1.7886747640908116	0.0030005615354335782	0.03603673253192925	0.029720202365716885	2859	tags=53%, list=21%, signal=42%	Zmynd8/Mllt3/Brd3/Psme4/Brdt/Taf1/Brd9/Phip/Atad2b/Kmt2a
MF	GO:0140033	acetylation-dependent protein binding	19	-0.6251461320094247	-1.7886747640908116	0.0030005615354335782	0.03603673253192925	0.029720202365716885	2859	tags=53%, list=21%, signal=42%	Zmynd8/Mllt3/Brd3/Psme4/Brdt/Taf1/Brd9/Phip/Atad2b/Kmt2a
CC	GO:0033176	proton-transporting V-type ATPase complex	20	0.5895550402848011	1.8942141490899802	0.003010045108045555	0.036085482534888885	0.029760407452346368	2941	tags=75%, list=22%, signal=59%	Ccdc115/Atp6v1c1/Atp6v0e2/Atp6v1d/Atp6v1h/Atp6v1g2/Atp6v0d1/Atp6v1b2/Atp6v1f/Atp6ap1/Atp6ap2/Atp6v1a/Tmem199/Atp6ap1l/Atp6v1g1
BP	GO:0090151	establishment of protein localization to mitochondrial membrane	22	0.5659548949723976	1.8525600478381397	0.003062242422057906	0.03648578530001556	0.030090545018968975	4424	tags=77%, list=33%, signal=52%	Timm10/Bbc3/Agk/Pmaip1/Bcs1l/Pdcd5/Tomm40/Tomm22/Timm13/Hspa4/Mtch2/Hsp90aa1/Oxa1l/Ap3b1/Ndufa13/Romo1/Samm50
MF	GO:0004712	protein serine/threonine/tyrosine kinase activity	36	-0.5287439811646929	-1.736071437213319	0.0030636918954211542	0.03648578530001556	0.030090545018968975	2775	tags=42%, list=21%, signal=33%	Tnk2/Rps6ka2/Clk3/Prkaa2/Clk4/Dyrk1b/Dyrk2/Map2k6/Sgk1/Lrrk2/Pak3/Clk1/Map2k3/Pdk4/Acvr2b
BP	GO:0099519	dense core granule cytoskeletal transport	12	-0.7083700620854037	-1.7911032400948588	0.0030965151551866276	0.036694723179473115	0.030262860199149085	2850	tags=67%, list=21%, signal=53%	Kif1b/Syt4/Kif1c/Kif5a/Tanc2/Map2/Mecp2/Kif5b
BP	GO:0051560	mitochondrial calcium ion homeostasis	23	0.5471943624687537	1.8334285391211689	0.0031154974813022073	0.03685904655629295	0.030398380921183923	2687	tags=57%, list=20%, signal=45%	Micu3/Nol3/Rap1gds1/Bnip3/Micu1/Slc8a3/Mcu/Bcap31/Anxa6/Afg3l2/1600014C10Rik/Micu2/Immt
BP	GO:0048532	anatomical structure arrangement	15	-0.663905058425588	-1.807551055572883	0.0031855277623818296	0.03756420217342239	0.030979936633035454	1376	tags=40%, list=10%, signal=36%	Dmd/Plxna3/Egr2/Hspa5/Usp9x/Nrp1
BP	GO:0038084	vascular endothelial growth factor signaling pathway	38	-0.5179324178052362	-1.7232412382458608	0.0033353149830906885	0.038822204286217146	0.03201743572748395	2867	tags=37%, list=21%, signal=29%	Spry2/Pik3ca/Myo1c/Pik3cd/Pdgfra/Pdgfb/Sema6a/Kdr/Prkd1/Hspb1/Tcf4/Gab1/Prkd2/Nrp1
BP	GO:0070849	response to epidermal growth factor	38	-0.5174875185724883	-1.7217609897069028	0.003388678893429954	0.03931631469752467	0.03242493830563962	2006	tags=37%, list=15%, signal=31%	Ireb2/Stat5b/Tpr/Ptpn12/Knstrn/Pde8a/Rasa1/Pdpk1/Iqgap1/Zfp36l2/Zfp36l1/Erbb4/Egfr/Cbl
BP	GO:0006734	NADH metabolic process	29	0.5278727245382362	1.9073494467089145	0.003407299418772113	0.03946879792966732	0.032550694227396475	3898	tags=59%, list=29%, signal=42%	Mdh1/Idh3a/Pfkl/Pfkm/Tigar/Mdh2/Ldha/Hk1/Vcp/Actn3/Idh3b/Idh3g/Aldob/Pfkp/Foxk1/Ogdh/Nudt12
CC	GO:0005839	proteasome core complex	17	0.6128565230181566	1.8839439581940334	0.0035787262794755637	0.040497492226969425	0.0333990786546247	3132	tags=65%, list=23%, signal=50%	Psma4/Psmb7/Psmb4/Psma5/Psma2/Psma6/Psma1/Psmb5/Psmb6/Psmb1/Psma7
MF	GO:0042288	MHC class I protein binding	13	0.6755384127595268	1.9299367778637508	0.003580416731239351	0.040497492226969425	0.0333990786546247	3899	tags=69%, list=29%, signal=49%	Tap1/Atp5a1/Bcap31/Atp5b/Tubb5/Abcb9/Vcp/Mfsd6/H2-T23
BP	GO:0007026	negative regulation of microtubule depolymerization	29	-0.5545408160636519	-1.7350191479419441	0.0035975568040202614	0.0406275811488495	0.033506365548085094	1754	tags=34%, list=13%, signal=30%	Nav3/Map1b/Camsap2/Clasp2/Eml4/Map2/Taok1/Apc/Ttbk2/Atxn7
BP	GO:0002089	lens morphogenesis in camera-type eye	21	-0.6004464338189648	-1.740686177585473	0.0036110898568875783	0.04071659220481221	0.03357977471728916	1936	tags=38%, list=14%, signal=33%	Ski/Fgfr3/Pou2f1/Sox11/Prox1/Hipk1/Epha2/Hipk2
BP	GO:0090050	positive regulation of cell migration involved in sprouting angiogenesis	17	-0.645603133459651	-1.8020811421457836	0.0036223921725585875	0.04078021188013222	0.03363224311528491	1346	tags=29%, list=10%, signal=27%	Kdr/Rhoj/Ptgs2/Nrp1/Pik3c2a
BP	GO:0045586	regulation of gamma-delta T cell differentiation	11	-0.7110523529557846	-1.7446178615266523	0.0036351854296306657	0.04079674613783325	0.03364587924293344	2480	tags=64%, list=18%, signal=52%	Nckap1l/Syk/Stat5b/Lef1/Tcf7/Sox4/Egr3
BP	GO:0046643	regulation of gamma-delta T cell activation	11	-0.7110523529557846	-1.7446178615266523	0.0036351854296306657	0.04079674613783325	0.03364587924293344	2480	tags=64%, list=18%, signal=52%	Nckap1l/Syk/Stat5b/Lef1/Tcf7/Sox4/Egr3
BP	GO:0032355	response to estradiol	35	-0.5084737678526274	-1.668473517507603	0.0037466531435385794	0.04165598692068047	0.03435451202268034	2393	tags=31%, list=18%, signal=26%	Stat5b/Ramp3/Nos3/Ncoa3/Ggt5/Prdm2/Tgfb1/Nrip1/Fosl2/Egfr/Grn
BP	GO:0030866	cortical actin cytoskeleton organization	30	-0.5393395045157107	-1.7023386298686407	0.003769563285535554	0.04165598692068047	0.03435451202268034	2767	tags=50%, list=21%, signal=40%	Llgl1/Tln1/Pdcd6ip/Dlg1/Llgl2/Nckap1l/Ikbkb/Akap11/Anln/Pls1/Rock2/Fmnl1/Fmnl2/Ehd2/Rock1
BP	GO:1904031	positive regulation of cyclin-dependent protein kinase activity	25	-0.5790821135564805	-1.7493357701629624	0.0037934468624005154	0.04172791548640567	0.03441383292607619	2153	tags=40%, list=16%, signal=34%	Ttbk1/Pdgfb/Ccnd2/Rgcc/Pkd2/Pim1/Pkd1/Prox1/Adam17/Egfr
BP	GO:0002053	positive regulation of mesenchymal cell proliferation	31	-0.5421601728497846	-1.7245788611684503	0.0038998821409382597	0.042001743871078634	0.03463966458267124	3191	tags=48%, list=24%, signal=37%	Fgfr2/Gas1/Bmpr1a/Smo/Fgfr1/Syne1/Prrx1/Tbx1/Wnt2/Chrd/Foxp2/Kdr/Lrp6/Arhgap5/Irs2
BP	GO:1901550	regulation of endothelial cell development	15	-0.6577312237294962	-1.7907421439970062	0.0039000197672028002	0.042001743871078634	0.03463966458267124	1552	tags=47%, list=12%, signal=41%	Cdh5/Ikbkb/Cldn5/Akap11/Rock2/Vcl/Rock1
BP	GO:1903140	regulation of establishment of endothelial barrier	15	-0.6577312237294962	-1.7907421439970062	0.0039000197672028002	0.042001743871078634	0.03463966458267124	1552	tags=47%, list=12%, signal=41%	Cdh5/Ikbkb/Cldn5/Akap11/Rock2/Vcl/Rock1
BP	GO:0045672	positive regulation of osteoclast differentiation	20	-0.599969341425047	-1.7344580543824488	0.0039029478325621966	0.042001743871078634	0.03463966458267124	1915	tags=45%, list=14%, signal=39%	Creb1/Fos/Gpr68/Car2/Slc9b2/Asxl2/Notch2/Traf6/Ppargc1b
BP	GO:0048730	epidermis morphogenesis	22	-0.5939097148271147	-1.7580671728072303	0.003923705350016775	0.042010507285985474	0.03464689194337091	1314	tags=32%, list=10%, signal=29%	Intu/Notch1/Dicer1/Igfbp5/Bcl2/Klf4/Atp7a
BP	GO:0000578	embryonic axis specification	24	-0.5768462285847593	-1.7382453206543331	0.003962041482928861	0.04229112427333696	0.03487832229416518	2265	tags=38%, list=17%, signal=31%	Cobl/Frs2/Fzd5/Wnt7a/Tdrd5/Pcsk6/Tbx3/Tbx6/Ptch1
BP	GO:0072576	liver morphogenesis	25	-0.5775911941860414	-1.7448318863024854	0.004074437964472633	0.04337151203721691	0.03576933934038343	1875	tags=52%, list=14%, signal=45%	Med1/Cebpb/Gli1/Lims1/Tgfa/Itpr1/Tet2/Prox1/Xbp1/Notch2/Ceacam1/Hpn/Cflar
BP	GO:0070306	lens fiber cell differentiation	29	-0.5509395763201737	-1.7237517718890565	0.004155307127016045	0.0438988091644437	0.036204211656128374	2231	tags=41%, list=17%, signal=35%	Frs2/Fgfr3/Zeb2/Tgfb1/Smad3/Spred3/Prox1/Spred2/Skil/Epha2/Spred1/Bfsp2
BP	GO:0048596	embryonic camera-type eye morphogenesis	25	-0.5765264767004997	-1.7416155058635576	0.004243032777791427	0.04428965081557813	0.03652654645588788	3696	tags=68%, list=27%, signal=49%	Kdm2b/Arid1a/Foxf2/Ift172/Stra6/Sp3/Pax6/Frs2/Fzd5/Sp1/Zeb1/Sox11/Prox1/Aldh1a3/Hipk1/Lrp6/Hipk2
BP	GO:0007549	dosage compensation	17	-0.6422592810478308	-1.792747399694491	0.004259920612796064	0.04428965081557813	0.03652654645588788	3489	tags=59%, list=26%, signal=44%	Cdyl/Mettl3/Ythdc1/Rlim/Upf1/Rbm15/Pcgf3/Smchd1/Pcgf5/Ftx
BP	GO:0009048	dosage compensation by inactivation of X chromosome	17	-0.6422592810478308	-1.792747399694491	0.004259920612796064	0.04428965081557813	0.03652654645588788	3489	tags=59%, list=26%, signal=44%	Cdyl/Mettl3/Ythdc1/Rlim/Upf1/Rbm15/Pcgf3/Smchd1/Pcgf5/Ftx
BP	GO:2000780	negative regulation of double-strand break repair	18	-0.626196673090168	-1.7708726641472607	0.004273295559775016	0.044364689493053305	0.03658843232963744	1860	tags=44%, list=14%, signal=38%	Rnf169/Trip12/Ercc6/Ubr5/Otub2/Smchd1/Klhl15/Rif1
CC	GO:0005753	mitochondrial proton-transporting ATP synthase complex	14	0.6283956768142676	1.821146510514844	0.004350717098953316	0.04477700966700712	0.03692848088977029	4947	tags=93%, list=37%, signal=59%	Atp5g3/Atp5a1/Atp5l/Atp5o/Atp5b/Atp5j/Atp5g1/Atp5h/Atp5c1/Atp5j2/Atp5e/Atp5d/Atp5g2
CC	GO:0045259	proton-transporting ATP synthase complex	14	0.6283956768142676	1.821146510514844	0.004350717098953316	0.04477700966700712	0.03692848088977029	4947	tags=93%, list=37%, signal=59%	Atp5g3/Atp5a1/Atp5l/Atp5o/Atp5b/Atp5j/Atp5g1/Atp5h/Atp5c1/Atp5j2/Atp5e/Atp5d/Atp5g2
BP	GO:0003230	cardiac atrium development	25	-0.5755756226953733	-1.7387430929804266	0.00435542937519354	0.04477700966700712	0.03692848088977029	1636	tags=40%, list=12%, signal=35%	Wnt2/Eng/Notch1/Sos1/Bmpr2/Sox4/Prox1/Mdm4/Notch2/Lrp6
MF	GO:0015278	calcium-release channel activity	12	-0.6951799075990045	-1.7577521292808433	0.004384139029299798	0.04480527901575184	0.03695179517789827	2219	tags=92%, list=16%, signal=77%	Trpm2/Itpr3/Rasa3/Tpcn1/Tpcn2/Itpr1/Pkd2/Ryr2/Ryr1/Itpr2/Ryr3
MF	GO:0005536	glucose binding	11	0.6751374900926459	1.8589582561718772	0.0044704826304403375	0.04551679133612806	0.037538593387989753	2514	tags=55%, list=19%, signal=44%	Hk2/Hk3/Hkdc1/Slc2a8/Hk1/G6pdx
BP	GO:2001224	positive regulation of neuron migration	20	-0.5962172719530685	-1.7236111549378568	0.004472711764882535	0.04551679133612806	0.037538593387989753	3412	tags=45%, list=25%, signal=34%	Zfp609/Flna/Rapgef2/Nsmf/Pax6/Shtn1/Sema6a/Nipbl/Ptprz1
BP	GO:0043537	negative regulation of blood vessel endothelial cell migration	28	-0.537980876125989	-1.671590163074701	0.004567117286007685	0.046022489574385136	0.03795565267502891	1638	tags=32%, list=12%, signal=28%	Stard13/Notch1/Tgfb1/Rgcc/Gadd45a/Mecp2/Hdac5/Spred1/Klf4
BP	GO:0071385	cellular response to glucocorticoid stimulus	28	-0.5380135004523495	-1.6716915319252332	0.004567117286007685	0.046022489574385136	0.03795565267502891	1602	tags=36%, list=12%, signal=32%	Fam107a/Nr3c1/Rest/Tgfb1/Sgk1/Akap13/Jak2/Zfp36l2/Zfp36l1/Sstr4
BP	GO:0060088	auditory receptor cell stereocilium organization	16	-0.6584378642819497	-1.811352286719705	0.004798675280251488	0.04788705733270357	0.039493398391922514	2070	tags=69%, list=15%, signal=58%	Myo7a/Triobp/Sec24b/Lhfpl5/Clic5/Tprn/Rest/Pls1/Scrib/Pdzd7/Pcdh15
BP	GO:2000322	regulation of glucocorticoid receptor signaling pathway	11	-0.7043255931782555	-1.728113274755661	0.00481581872190024	0.047991665133182884	0.039579670503205724	2033	tags=64%, list=15%, signal=54%	Arntl/Ncoa2/Nr3c1/Cry1/Per1/Bdnf/Clock
MF	GO:0031386	protein tag	11	0.67217849121777	1.8508107966259717	0.004880291300988912	0.04836657334748983	0.03988886468411266	2426	tags=55%, list=18%, signal=45%	Sumo2/Ubb/Ubl5/Sumo3/Sumo1/Nedd8
BP	GO:0048312	intracellular distribution of mitochondria	11	-0.7024344616769892	-1.7234732482064343	0.004940096212206108	0.048824956390871074	0.040266902198979826	1976	tags=45%, list=15%, signal=39%	Synj2/Mfn1/Synj2bp/Lrrk2/Ogt
